<?xml version="1.0" encoding="UTF-8"?>
<con:soapui-project id="0b43c81a-ca1a-4bdd-96c1-ab9a95d7c371" activeEnvironment="Default" name="Assignment_SDET_REST_PROJECT" resourceRoot="${projectDir}" soapui-version="5.7.0" abortOnError="false" runType="SEQUENTIAL" xmlns:con="http://eviware.com/soapui/config"><con:settings/><con:interface xsi:type="con:RestService" id="0e3b6a93-e257-465c-81d4-fd1800aec0ea" wadlVersion="http://wadl.dev.java.net/2009/02" name="https://petstore.swagger.io" type="rest" xmlns:xsi="http://www.w3.org/2001/XMLSchema-instance"><con:settings/><con:definitionCache type="TEXT" rootPart=""/><con:endpoints><con:endpoint>https://petstore.swagger.io</con:endpoint></con:endpoints><con:resource name="Inventory" path="/v2/store/inventory" id="842722b0-88c5-4fdc-aef8-348f36c46580"><con:settings/><con:parameters/><con:method name="Get Inventory" id="d6df71fb-ac37-43a1-9721-3e7ccfc64099" method="GET"><con:settings/><con:parameters/><con:representation type="RESPONSE"><con:mediaType>application/json</con:mediaType><con:status>200</con:status><con:params/><con:element xmlns:inv="https://petstore.swagger.io/v2/store/inventory">inv:Response</con:element></con:representation><con:request name="GET - GetInventoryStatus" id="52161594-a4e2-4631-a2eb-ccef21ba06cd" mediaType="application/json"><con:settings><con:setting id="com.eviware.soapui.impl.wsdl.WsdlRequest@request-headers">&lt;xml-fragment/></con:setting></con:settings><con:endpoint>https://petstore.swagger.io</con:endpoint><con:request/><con:originalUri>https://petstore.swagger.io/v2/store/inventory</con:originalUri><con:credentials><con:authType>No Authorization</con:authType></con:credentials><con:jmsConfig JMSDeliveryMode="PERSISTENT"/><con:jmsPropertyConfig/><con:parameters/></con:request></con:method></con:resource><con:resource name="Find Available pets by Status" path="/v2/pet/findByStatus" id="b12ab911-5fa0-463c-a907-0105eb5608f4"><con:settings/><con:parameters><con:parameter><con:name>status</con:name><con:value>available</con:value><con:style>QUERY</con:style><con:default>available</con:default></con:parameter></con:parameters><con:method name="Find available Pets by Status" id="53df9628-49a6-4024-ae6a-2ba2a3165df1" method="GET"><con:settings/><con:parameters/><con:representation type="RESPONSE"><con:mediaType>application/json</con:mediaType><con:status>200</con:status><con:params/><con:element>Response</con:element></con:representation><con:request name="GET - GetAvailablePetsStatus" id="d05559a4-d73c-478d-97f5-ed23c6b496e0" mediaType="application/json"><con:settings><con:setting id="com.eviware.soapui.impl.wsdl.WsdlRequest@request-headers">&lt;xml-fragment/></con:setting></con:settings><con:endpoint>https://petstore.swagger.io</con:endpoint><con:request/><con:originalUri>https://petstore.swagger.io/v2/pet/findByStatus</con:originalUri><con:credentials><con:authType>No Authorization</con:authType></con:credentials><con:jmsConfig JMSDeliveryMode="PERSISTENT"/><con:jmsPropertyConfig/><con:parameters/></con:request></con:method></con:resource><con:resource name="Find Pending Pets by Status" path="/v2/pet/findByStatus" id="c08111cf-3c44-4eed-9e26-47c270fef484"><con:settings/><con:parameters><con:parameter><con:name>status</con:name><con:value>pending</con:value><con:style>QUERY</con:style><con:default>pending</con:default></con:parameter></con:parameters><con:method name="Find pending pets by status" id="32f94355-7b2e-4092-9cae-2a63bc8449d4" method="GET"><con:settings/><con:parameters/><con:request name="GET - GetPendingPetsStatus" id="85c4fd4e-b8b1-4129-9370-3684565bc5b3" mediaType="application/json"><con:settings><con:setting id="com.eviware.soapui.impl.wsdl.WsdlRequest@request-headers">&lt;xml-fragment/></con:setting></con:settings><con:endpoint>https://petstore.swagger.io</con:endpoint><con:request/><con:credentials><con:authType>No Authorization</con:authType></con:credentials><con:jmsConfig JMSDeliveryMode="PERSISTENT"/><con:jmsPropertyConfig/><con:parameters/></con:request></con:method></con:resource><con:resource name="Find Sold Pets by Status" path="/v2/pet/findByStatus" id="17efeb48-c4ce-4b53-8327-35d9631a057e"><con:settings/><con:parameters><con:parameter><con:name>status</con:name><con:value>sold</con:value><con:style>QUERY</con:style><con:default>sold</con:default></con:parameter></con:parameters><con:method name="Find Sold pets by status" id="cace9ed6-b3e6-4e80-810c-e2c0206079ae" method="GET"><con:settings/><con:parameters/><con:representation type="RESPONSE"><con:mediaType>application/json</con:mediaType><con:status>200</con:status><con:params/><con:element>Response</con:element></con:representation><con:request name="GET - GetSoldPetsStatus" id="605f14cd-0d19-4707-9e82-e398930d88d4" mediaType="application/json"><con:settings><con:setting id="com.eviware.soapui.impl.wsdl.WsdlRequest@request-headers">&lt;xml-fragment/></con:setting></con:settings><con:endpoint>https://petstore.swagger.io</con:endpoint><con:request/><con:originalUri>https://petstore.swagger.io/v2/pet/findByStatus</con:originalUri><con:credentials><con:authType>No Authorization</con:authType></con:credentials><con:jmsConfig JMSDeliveryMode="PERSISTENT"/><con:jmsPropertyConfig/><con:parameters/></con:request></con:method></con:resource><con:resource name="Add a New Pet" path="/v2/pet" id="ccd2f0fc-6b22-45b1-aea1-1b93479cccc2"><con:settings/><con:parameters/><con:method name="Add new pet" id="d647f12f-6ee4-4f43-87f2-5d31fac09e9c" method="POST"><con:settings/><con:parameters/><con:representation type="FAULT"><con:mediaType>application/json</con:mediaType><con:status>405</con:status><con:params/><con:element xmlns:pet="https://petstore.swagger.io/v2/pet">pet:Fault</con:element></con:representation><con:representation type="REQUEST"><con:mediaType>application/json</con:mediaType><con:params/></con:representation><con:representation type="RESPONSE"><con:mediaType>application/json</con:mediaType><con:status>200</con:status><con:params/><con:element xmlns:pet="https://petstore.swagger.io/v2/pet">pet:Response</con:element></con:representation><con:request name="POST - AddNewPet" id="905c5678-c78c-4481-8779-481163952ac0" mediaType="application/json" postQueryString="false"><con:settings><con:setting id="com.eviware.soapui.impl.wsdl.WsdlRequest@request-headers">&lt;xml-fragment/></con:setting></con:settings><con:endpoint>https://petstore.swagger.io</con:endpoint><con:request>{
  "id": 0,
  "category": {
    "id": 0,
    "name": "string"
  },
  "name": "doggie",
  "photoUrls": [
    "string"
  ],
  "tags": [
    {
      "id": 0,
      "name": "string"
    }
  ],
  "status": "available"
}</con:request><con:originalUri>https://petstore.swagger.io/v2/pet</con:originalUri><con:credentials><con:authType>No Authorization</con:authType></con:credentials><con:jmsConfig JMSDeliveryMode="PERSISTENT"/><con:jmsPropertyConfig/><con:parameters/></con:request></con:method></con:resource><con:resource name="Update an existing pet" path="/v2/pet" id="581eed86-f3d9-4c3f-a34b-4e8cab282541"><con:settings/><con:parameters/><con:method name="Update existing pet" id="5e6b2c6b-45fa-4898-97e2-5f0bd6f7b461" method="PUT"><con:settings/><con:parameters/><con:representation type="REQUEST"><con:mediaType>application/json</con:mediaType><con:params/></con:representation><con:representation type="RESPONSE"><con:mediaType>application/json</con:mediaType><con:status>200</con:status><con:params/><con:element xmlns:pet="https://petstore.swagger.io/v2/pet">pet:Response</con:element></con:representation><con:request name="PUT - UpdateExistingPet" id="43d54790-a63e-4e3a-a83a-5ae6e58ccbcd" mediaType="application/json" postQueryString="false"><con:settings><con:setting id="com.eviware.soapui.impl.wsdl.WsdlRequest@request-headers">&lt;xml-fragment/></con:setting></con:settings><con:endpoint>https://petstore.swagger.io</con:endpoint><con:request>{
  "id": 0,
  "category": {
    "id": 0,
    "name": "string"
  },
  "name": "doggie",
  "photoUrls": [
    "string"
  ],
  "tags": [
    {
      "id": 0,
      "name": "string"
    }
  ],
  "status": "available"
}</con:request><con:originalUri>https://petstore.swagger.io/v2/pet</con:originalUri><con:credentials><con:authType>No Authorization</con:authType></con:credentials><con:jmsConfig JMSDeliveryMode="PERSISTENT"/><con:jmsPropertyConfig/><con:parameters/></con:request></con:method></con:resource><con:resource name="Place an Order for a Pet" path="/v2/store/order" id="78e98196-c02a-40b9-9bde-5d24c8cb7733"><con:settings/><con:parameters/><con:method name="Place an order for pet" id="dfcc6df3-7cf0-4273-ada7-3851a5c513ec" method="POST"><con:settings/><con:parameters/><con:representation type="REQUEST"><con:mediaType>application/json</con:mediaType><con:params/></con:representation><con:representation type="RESPONSE"><con:mediaType>application/json</con:mediaType><con:status>200</con:status><con:params/><con:element xmlns:ord="https://petstore.swagger.io/v2/store/order">ord:Response</con:element></con:representation><con:request name="POST - PlaceOrderForPet" id="c3d3491e-743d-415c-9d11-b5b03eb86839" mediaType="application/json" postQueryString="false"><con:settings><con:setting id="com.eviware.soapui.impl.wsdl.WsdlRequest@request-headers">&lt;xml-fragment/></con:setting></con:settings><con:endpoint>https://petstore.swagger.io</con:endpoint><con:request>{
  "id": 0,
  "petId": 0,
  "quantity": 0,
  "shipDate": "2022-12-14T03:47:29.901Z",
  "status": "placed",
  "complete": true
}</con:request><con:originalUri>https://petstore.swagger.io/v2/store/order</con:originalUri><con:credentials><con:authType>No Authorization</con:authType></con:credentials><con:jmsConfig JMSDeliveryMode="PERSISTENT"/><con:jmsPropertyConfig/><con:parameters/></con:request></con:method></con:resource><con:resource name="Find Purchase Order By OrderID" path="/v2/store/order/2" id="b7024801-7ce3-4067-a060-70fdde97183a"><con:settings/><con:parameters/><con:method name="Find Purchase order by orderid" id="bc494f4b-0500-424b-afe6-c2e0d160df82" method="GET"><con:settings/><con:parameters/><con:representation type="RESPONSE"><con:mediaType>application/json</con:mediaType><con:status>200</con:status><con:params/><con:element xmlns:ns="https://petstore.swagger.io/v2/store/order/2">ns:Response</con:element></con:representation><con:request name="GET - FindPurchaseOrderByOrderID" id="ff95c02a-2141-48e7-b382-4aa5c0f076f9" mediaType="application/json"><con:settings><con:setting id="com.eviware.soapui.impl.wsdl.WsdlRequest@request-headers">&lt;xml-fragment/></con:setting></con:settings><con:endpoint>https://petstore.swagger.io</con:endpoint><con:request/><con:originalUri>https://petstore.swagger.io/v2/store/order/2</con:originalUri><con:credentials><con:authType>No Authorization</con:authType></con:credentials><con:jmsConfig JMSDeliveryMode="PERSISTENT"/><con:jmsPropertyConfig/><con:parameters/></con:request></con:method></con:resource><con:resource name="Find Pet by ID" path="/v2/pet/{id}" id="d08a9f9c-0773-44da-95f3-bebc67936b61"><con:settings/><con:parameters><con:parameter><con:name>id</con:name><con:value>id</con:value><con:style>TEMPLATE</con:style><con:default>id</con:default></con:parameter></con:parameters><con:method name="Find Pet by ID" id="c802383d-7a30-4169-9091-75b8e6a5890c" method="GET"><con:settings/><con:parameters/><con:representation type="FAULT"><con:mediaType>application/json</con:mediaType><con:status>404</con:status><con:params/><con:element xmlns:ns="https://petstore.swagger.io/v2/pet/9223372016900013027">ns:Fault</con:element></con:representation><con:representation type="RESPONSE"><con:mediaType>application/json</con:mediaType><con:status>200</con:status><con:params/><con:element xmlns:ns="https://petstore.swagger.io/v2/pet/9223372016900013027">ns:Response</con:element></con:representation><con:representation type="FAULT"><con:mediaType>application/xml</con:mediaType><con:status>405</con:status><con:params/><con:element>apiResponse</con:element></con:representation><con:request name="GET - FindPetByID" id="dd58874f-9870-465d-9a17-0089d9e15d94" mediaType="application/json"><con:settings><con:setting id="com.eviware.soapui.impl.wsdl.WsdlRequest@request-headers">&lt;xml-fragment/></con:setting></con:settings><con:endpoint>https://petstore.swagger.io</con:endpoint><con:request/><con:originalUri>https://petstore.swagger.io/v2/pet/9223372016900013027</con:originalUri><con:credentials><con:authType>No Authorization</con:authType></con:credentials><con:jmsConfig JMSDeliveryMode="PERSISTENT"/><con:jmsPropertyConfig/><con:parameters><entry key="id" value="9223372036854286201" xmlns="http://eviware.com/soapui/config"/></con:parameters></con:request></con:method></con:resource><con:resource name="Delete pet by id" path="/v2/pet/{id}" id="a8252107-3c8c-47ac-8863-0bc29f876d04"><con:settings/><con:parameters><con:parameter><con:name>id</con:name><con:value>id</con:value><con:style>TEMPLATE</con:style><con:default>id</con:default></con:parameter></con:parameters><con:method name="Delete pet by id" id="9d8f60c3-96eb-48c3-b2ed-0d0ed4f80f1d" method="GET"><con:settings/><con:parameters/><con:representation type="FAULT"><con:mediaType>application/json</con:mediaType><con:status>404</con:status><con:params/><con:element xmlns:htt="https://petstore.swagger.io/v2/pet/https%3A%2F%2Fpetstore.swagger.io%2Fv2%2Fpet%2F9223372016900013027">htt:Fault</con:element></con:representation><con:representation type="RESPONSE"><con:mediaType>application/json</con:mediaType><con:status>200</con:status><con:params/><con:element xmlns:htt="https://petstore.swagger.io/v2/pet/https%3A%2F%2Fpetstore.swagger.io%2Fv2%2Fpet%2F9223372016900013027">htt:Response</con:element></con:representation><con:request name="DELETE - DeletePetByID" id="7238483a-3304-446f-9179-f5f59ba3157f" mediaType="application/json"><con:settings><con:setting id="com.eviware.soapui.impl.wsdl.WsdlRequest@request-headers">&lt;xml-fragment/></con:setting></con:settings><con:endpoint>https://petstore.swagger.io</con:endpoint><con:request/><con:originalUri>https://petstore.swagger.io/v2/pet/https%3A%2F%2Fpetstore.swagger.io%2Fv2%2Fpet%2F9223372016900013027</con:originalUri><con:credentials><con:authType>No Authorization</con:authType></con:credentials><con:jmsConfig JMSDeliveryMode="PERSISTENT"/><con:jmsPropertyConfig/><con:parameters><entry key="id" value="9223372036854589204" xmlns="http://eviware.com/soapui/config"/></con:parameters></con:request></con:method></con:resource></con:interface><con:testSuite id="be1c360e-22ba-4ea4-ac82-b573bd21df98" name="TestSuite - PetStore Swagger"><con:description>TestSuite generated for REST Service [https://petstore.swagger.io]</con:description><con:settings/><con:runType>SEQUENTIAL</con:runType><con:testCase id="bba6d91a-077f-4d0c-bea9-779834b74d4f" failOnError="true" failTestCaseOnErrors="true" keepSession="false" maxResults="0" name="API Chaining - Test Case" searchProperties="true"><con:settings/><con:testStep type="properties" name="PropertyStep" id="6cdfc9d0-6123-4b31-ade1-a6f282d272d2"><con:settings/><con:config xsi:type="con:PropertiesStep" saveFirst="true" xmlns:xsi="http://www.w3.org/2001/XMLSchema-instance"><con:properties><con:property><con:name>dog_name</con:name><con:value>husky</con:value></con:property></con:properties></con:config></con:testStep><con:testStep type="groovy" name="GroovyScript" id="6f77c9b0-3bd3-453a-ad7c-8894551c1cc5"><con:settings/><con:config><script>testRunner.testCase.testSuite.setPropertyValue('name', testRunner.testCase.testSteps['PropertyStep'].getPropertyValue('dog_name'))</script></con:config></con:testStep><con:testStep type="groovy" name="ReadStatusFromExcel" id="1b6667da-aacf-43d4-adb1-c99ff2f4fb52"><con:settings/><con:config><script>import jxl.*
import jxl.write.*
import com.eviware.soapui.support.XmlHolder

Workbook myWorkbook = Workbook.getWorkbook(new File("C:\\Litera\\pet_status.xls"))
Sheet mySheet = myWorkbook.getSheet(0)
def rowCount = mySheet.getRows()

for(i=0;i&lt;rowCount;i++){
		petStatus = mySheet.getCell(0,i)
		petStatusContent = petStatus.getContents()
		testRunner.testCase.testSuite.Project.setPropertyValue("pet_status", petStatusContent.toString())
	}</script></con:config></con:testStep><con:testStep type="restrequest" name="Add a New Pet" id="da79bc18-36c5-4005-81af-b356e09439e4"><con:settings/><con:config service="https://petstore.swagger.io" resourcePath="/v2/pet" methodName="Add new pet" xsi:type="con:RestRequestStep" xmlns:xsi="http://www.w3.org/2001/XMLSchema-instance"><con:restRequest name="Add a New Pet" id="905c5678-c78c-4481-8779-481163952ac0" mediaType="application/json" postQueryString="false"><con:settings><con:setting id="com.eviware.soapui.impl.wsdl.WsdlRequest@request-headers">&lt;xml-fragment/></con:setting></con:settings><con:endpoint>https://petstore.swagger.io</con:endpoint><con:request>{
  "id": 0,
  "category": {
    "id": 0,
    "name": "string"
  },
  "name": "${#TestSuite#name}",
  "photoUrls": [
    "string"
  ],
  "tags": [
    {
      "id": 0,
      "name": "string"
    }
  ],
  "status": "${#Project#pet_status}"
}</con:request><con:originalUri>https://petstore.swagger.io/v2/pet</con:originalUri><con:assertion type="Valid HTTP Status Codes" id="20e53a1a-0afd-44b5-9c23-4ecef6d94ed0" name="Valid HTTP Status Codes"><con:configuration><codes>200</codes></con:configuration></con:assertion><con:credentials><con:authType>No Authorization</con:authType></con:credentials><con:jmsConfig JMSDeliveryMode="PERSISTENT"/><con:jmsPropertyConfig/><con:parameters/></con:restRequest></con:config></con:testStep><con:testStep type="transfer" name="Property Transfer ID" id="a9574149-5a61-4e45-a80e-7ebd605ea7e6"><con:settings/><con:config xsi:type="con:PropertyTransfersStep" xmlns:xsi="http://www.w3.org/2001/XMLSchema-instance"><con:transfers setNullOnMissingSource="true" transferTextContent="true" failOnError="true" ignoreEmpty="false" transferToAll="false" entitize="false" transferChildNodes="false"><con:name>Created ID transfer</con:name><con:sourceType>Response</con:sourceType><con:sourceStep>Add a New Pet</con:sourceStep><con:sourcePath>$.id</con:sourcePath><con:targetType>id</con:targetType><con:targetStep>#TestCase#</con:targetStep><con:targetPath/><con:type>JSONPATH</con:type><con:targetTransferType>JSONPATH</con:targetTransferType><con:upgraded>true</con:upgraded></con:transfers></con:config></con:testStep><con:testStep type="restrequest" name="Find Pet by id" id="996468ed-374a-47eb-8dcb-e002c4c51576"><con:settings/><con:config service="https://petstore.swagger.io" resourcePath="/v2/pet/{id}" methodName="Find Pet by ID" xsi:type="con:RestRequestStep" xmlns:xsi="http://www.w3.org/2001/XMLSchema-instance"><con:restRequest name="Find Pet by id" id="dd58874f-9870-465d-9a17-0089d9e15d94" mediaType="application/json"><con:settings><con:setting id="com.eviware.soapui.impl.wsdl.WsdlRequest@request-headers">&lt;xml-fragment/></con:setting></con:settings><con:endpoint>https://petstore.swagger.io</con:endpoint><con:request/><con:originalUri>https://petstore.swagger.io/v2/pet/9223372016900013027</con:originalUri><con:assertion type="Valid HTTP Status Codes" id="d1106a93-89e3-4aa5-b853-f8a6e51fd351" name="Valid HTTP Status Codes"><con:configuration><codes>200</codes></con:configuration></con:assertion><con:credentials><con:authType>No Authorization</con:authType></con:credentials><con:jmsConfig JMSDeliveryMode="PERSISTENT"/><con:jmsPropertyConfig/><con:parameters><entry key="id" value="${#TestCase#id}" xmlns="http://eviware.com/soapui/config"/></con:parameters></con:restRequest></con:config></con:testStep><con:testStep type="restrequest" name="Update existing pet" id="70ee19d9-a0cd-4d37-9705-5db80e72c588"><con:settings/><con:config service="https://petstore.swagger.io" resourcePath="/v2/pet" methodName="Update existing pet" xsi:type="con:RestRequestStep" xmlns:xsi="http://www.w3.org/2001/XMLSchema-instance"><con:restRequest name="Update existing pet" id="43d54790-a63e-4e3a-a83a-5ae6e58ccbcd" mediaType="application/json" postQueryString="false"><con:settings><con:setting id="com.eviware.soapui.impl.wsdl.WsdlRequest@request-headers">&lt;xml-fragment/></con:setting></con:settings><con:endpoint>https://petstore.swagger.io</con:endpoint><con:request>{
  "id": "${#TestCase#id}",
  "category": {
    "id": 0,
    "name": "string"
  },
  "name": "doggie",
  "photoUrls": [
    "string"
  ],
  "tags": [
    {
      "id": 0,
      "name": "string"
    }
  ],
  "status": "available"
}</con:request><con:originalUri>https://petstore.swagger.io/v2/pet</con:originalUri><con:assertion type="Valid HTTP Status Codes" id="9d23051d-530f-489d-8f4b-92618a1389d5" name="Valid HTTP Status Codes"><con:configuration><codes>200</codes></con:configuration></con:assertion><con:credentials><con:authType>No Authorization</con:authType></con:credentials><con:jmsConfig JMSDeliveryMode="PERSISTENT"/><con:jmsPropertyConfig/><con:parameters/></con:restRequest></con:config></con:testStep><con:testStep type="restrequest" name="Delete a pet" id="14b9d7a8-dd2d-4d51-a692-157fa7845a35"><con:settings/><con:config service="https://petstore.swagger.io" resourcePath="/v2/pet/{id}" methodName="Delete pet by id" xsi:type="con:RestRequestStep" xmlns:xsi="http://www.w3.org/2001/XMLSchema-instance"><con:restRequest name="Delete a pet" id="7238483a-3304-446f-9179-f5f59ba3157f" mediaType="application/json"><con:settings><con:setting id="com.eviware.soapui.impl.wsdl.WsdlRequest@request-headers">&lt;xml-fragment/></con:setting></con:settings><con:endpoint>https://petstore.swagger.io</con:endpoint><con:request/><con:originalUri>https://petstore.swagger.io/v2/pet/https%3A%2F%2Fpetstore.swagger.io%2Fv2%2Fpet%2F9223372016900013027</con:originalUri><con:assertion type="Valid HTTP Status Codes" id="4a845937-8a57-4301-9a26-c87ebf683b70" name="Valid HTTP Status Codes"><con:configuration><codes>200</codes></con:configuration></con:assertion><con:credentials><con:authType>No Authorization</con:authType></con:credentials><con:jmsConfig JMSDeliveryMode="PERSISTENT"/><con:jmsPropertyConfig/><con:parameters><entry key="id" value="${#TestCase#id}" xmlns="http://eviware.com/soapui/config"/></con:parameters></con:restRequest></con:config></con:testStep><con:properties><con:property><con:name>id</con:name><con:value>9223372036854594806</con:value></con:property></con:properties></con:testCase><con:properties><con:property><con:name>name</con:name><con:value>husky</con:value></con:property></con:properties></con:testSuite><con:properties><con:property><con:name>pet_status</con:name><con:value>available</con:value></con:property></con:properties><con:wssContainer/><con:oAuth2ProfileContainer/><con:oAuth1ProfileContainer/><con:sensitiveInformation/></con:soapui-project>